{
  "workload": "paper_pipeline_edit_downstream",
  "n_records": 200000,
  "plain_v1_s": 0.25495583401061594,
  "plain_v2_s": 0.25206779199652374,
  "rote_cold_s": 0.3692059579771012,
  "rote_warm_edit_downstream_s": 0.005521875049453229,
  "rote_warm_speedup_vs_plain": 45.64894890576767,
  "joblib_cold_s": 0.31629895797232166,
  "joblib_warm_edit_downstream_s": 0.0017590000061318278,
  "rote_vs_joblib_warm": 0.31855121500911227
}