{
  "workload": "w1_compute_pi",
  "plain_cold": 0.7025227089761756,
  "plain_warm": 0.663367124972865,
  "rote_cold": 0.6554086250253022,
  "rote_warm": 4.891603020951152e-05,
  "joblib_cold": 0.643898457987234,
  "joblib_warm": 0.00010095804464071989,
  "rote_speedup_vs_joblib_warm": 2.0639051085770452,
  "rote_cold_overhead": -0.06706414376203634
}