{
  "workload": "w3_numpy_qr",
  "plain_cold": 0.032574167009443045,
  "plain_warm": 0.003962832968682051,
  "rote_cold": 0.009119750000536442,
  "rote_warm": 3.158301115036011e-05,
  "joblib_cold": 0.006183166988193989,
  "joblib_warm": 0.00021012499928474426,
  "rote_speedup_vs_joblib_warm": 6.65310214673272,
  "rote_cold_overhead": -0.7200312137562049
}