{
  "workload": "w4_count_words",
  "plain_cold": 0.004103625018615276,
  "plain_warm": 0.0036604999913834035,
  "rote_cold": 0.009466374991461635,
  "rote_warm": 3.258301876485348e-05,
  "joblib_cold": 0.004409999994095415,
  "joblib_warm": 9.61670302785933e-05,
  "rote_speedup_vs_joblib_warm": 2.9514463031377063,
  "rote_cold_overhead": 1.3068323612706605
}