{
  "workload": "w5_matrix_invert",
  "plain_cold": 0.001370707992464304,
  "plain_warm": 0.0005897079827263951,
  "rote_cold": 0.01295562501763925,
  "rote_warm": 4.8874993808567524e-05,
  "joblib_cold": 0.0018479169812053442,
  "joblib_warm": 8.412502938881516e-05,
  "rote_speedup_vs_joblib_warm": 1.7212284408324263,
  "rote_cold_overhead": 8.451776081313424
}