{
  "workload": "w5_matrix_invert",
  "plain_cold": 0.0017865420086309314,
  "plain_warm": 0.0006361249834299088,
  "rote_cold": 0.01614816702203825,
  "rote_warm": 6.849999772384763e-05,
  "joblib_cold": 0.0018026669858954847,
  "joblib_warm": 8.829199941828847e-05,
  "rote_speedup_vs_joblib_warm": 1.288934340906561,
  "rote_cold_overhead": 8.038783831572461
}